{
  "expressions": [
    5,
    6,
    21,
    3.4,
    2,
    256,
    6,
    5,
    true,
    true,
    true,
    true,
    true,
    true,
    true,
    false,
    true,
    false,
    "default",
    8,
    14,
    6,
    -1,
    32,
    8,
    -42,
    false,
    true,
    "yes",
    "number",
    "string",
    "boolean",
    "undefined",
    "hello world",
    3,
    1
  ],
  "statements": [
    "NOT positive",
    "hello",
    "012345678",
    0,
    1,
    2,
    3,
    4,
    5,
    6,
    7,
    8,
    0,
    1,
    2,
    3,
    4,
    5,
    6,
    7,
    8,
    "a",
    "b",
    "c",
    11,
    21,
    31,
    10,
    20,
    30,
    "a: 1",
    "b: 2",
    "c: 3",
    "obj.a = 1",
    "obj.b = 2",
    "obj.c = 3",
    "obj.color = red",
    3,
    "12345",
    "1 2 3 4 5 ",
    "[error] [testStatements] Error: user is not defined",
    3,
    "1",
    "012456789",
    "i: 0",
    "j: 8",
    "7 is odd.",
    "j: 7",
    "j: 6",
    "5 is odd.",
    "j: 5",
    "i = 1",
    "j = 4",
    "i: 1",
    "i = 2",
    "j = 4",
    "i: 2",
    "i = 3",
    "j = 4",
    "i: 3",
    "i = 4",
    "j = 4",
    6,
    "[error] TypeError: Can only add numbers",
    "TypeError",
    "oops",
    "finally",
    "[error] outer oops",
    "[error] inner oops",
    "finally",
    30,
    "'foo' name is not global. typeof foo is undefined",
    "'foo' name is not global. typeof foo is undefined"
  ],
  "builtins": [
    2,
    2,
    6.6555599999999995,
    1,
    4,
    8,
    -7,
    5,
    5,
    5,
    -6,
    1,
    [
      6,
      6,
      5
    ],
    [
      -5,
      -5,
      -6
    ],
    5,
    13,
    0,
    0,
    0,
    0.10866038094912533,
    343,
    2,
    0.020408163265306124,
    null,
    3,
    -1,
    3,
    1,
    -3,
    1,
    8.414709848078965,
    9.092974268256818,
    1.2246467991473533e-15,
    5.403023058681398,
    -4.161468365471424,
    -10,
    0,
    0.9999999999999999,
    16331239353195370,
    3,
    4,
    1,
    2.718281828459045,
    0.36787944117144233,
    7.38905609893065,
    1,
    -1,
    0,
    -1,
    13,
    42,
    0,
    0,
    -1,
    1,
    null,
    4,
    5,
    13,
    7.0710678118654755,
    5,
    45,
    45,
    90,
    31,
    29,
    22,
    5.5,
    5.050000190734863,
    5,
    -5.050000190734863,
    12,
    -60,
    -5,
    -10,
    0.6931471805599453,
    0,
    null,
    null,
    1.584962500721156,
    1,
    0,
    null,
    5,
    0.3010299956639812,
    0,
    null,
    0,
    1.718281828459045,
    -0.6321205588285577,
    6.38905609893065,
    4,
    [
      "pigs",
      "goats",
      "sheep",
      "cows",
      "chickens",
      "cats",
      "dogs"
    ],
    [
      "pigs",
      "goats",
      "sheep",
      "cows",
      "chickens",
      "cats",
      "dogs"
    ],
    [
      "soccer",
      "baseball",
      "football",
      "swimming"
    ],
    4,
    [
      "parsnip",
      "potato",
      "celery",
      "beetroot"
    ],
    "tomato",
    [
      "broccoli",
      "cauliflower",
      "cabbage"
    ],
    [
      "broccoli",
      "cauliflower",
      "cabbage"
    ],
    [
      "angel",
      "clown",
      "mandarin"
    ],
    "sturgeon",
    3,
    2,
    [
      2,
      3
    ],
    1,
    [
      "myFish before:",
      [
        "clown",
        "mandarin",
        "surgeon"
      ]
    ],
    [
      "myFish after:",
      [
        "clown",
        "mandarin",
        "surgeon"
      ]
    ],
    [
      "Removed this element:",
      "angel"
    ],
    "[error] [testBuiltins] Error: i is not defined",
    5,
    [
      4,
      5,
      1,
      2,
      3
    ],
    [
      1,
      2,
      3,
      4,
      5,
      6
    ],
    [
      3,
      2,
      1,
      4,
      5,
      6
    ],
    [
      "array:",
      [
        "three",
        "two",
        "one"
      ]
    ],
    [
      "reversed:",
      [
        "three",
        "two",
        "one"
      ]
    ],
    [
      "array:",
      [
        "three",
        "two",
        "one"
      ]
    ],
    [
      3,
      2,
      1
    ],
    [
      3,
      2,
      1
    ],
    5,
    [
      "Dec",
      "Feb",
      "Jan",
      "March"
    ],
    [
      1,
      100000,
      21,
      30,
      4
    ],
    10,
    3,
    1,
    4,
    -1,
    [
      0,
      2,
      4
    ],
    "New veggies collection is: potato,tomato,chillies,green-pepper,spinach",
    "spinach already exists in the veggies collection.",
    true,
    true,
    false,
    true,
    "Fire,Air,Water",
    "FireAirWater",
    "Fire-Air-Water",
    "1,2,3,4,5,6,7,8,9",
    "1,2,3;4,5,6;7,8,9",
    "1;3,,4;2",
    [
      "camel",
      "duck",
      "elephant"
    ],
    [
      "camel",
      "duck"
    ],
    [
      "bison",
      "camel",
      "duck",
      "elephant"
    ],
    [
      "duck",
      "elephant"
    ],
    [
      "camel",
      "duck"
    ],
    [
      "ant",
      "bison",
      "camel",
      "duck",
      "elephant"
    ],
    [
      "Orange",
      "Mango",
      "Pineapple"
    ],
    [
      "Mango",
      "Pineapple"
    ],
    [
      "Jan",
      "Feb",
      "March",
      "April",
      "May"
    ],
    [
      "Jan",
      "Feb",
      "March",
      "April",
      "May"
    ],
    [
      null,
      3
    ],
    [
      1,
      4,
      null,
      6
    ],
    "a",
    "b",
    "c",
    0,
    "a[0] = 2",
    "a[1] = 5",
    "a[3] = 9",
    [
      {
        "1": 10
      },
      {
        "2": 20
      },
      {
        "3": 30
      }
    ],
    [
      {
        "key": 1,
        "value": 10
      },
      {
        "key": 2,
        "value": 20
      },
      {
        "key": 3,
        "value": 30
      }
    ],
    [
      6,
      18,
      30
    ],
    45,
    [
      2,
      2.67,
      2,
      3.33,
      5,
      5.33,
      5.67,
      4
    ],
    10,
    "accumulator: 15, currentValue: 16, index: 1, returns: 31",
    "accumulator: 31, currentValue: 17, index: 2, returns: 48",
    "accumulator: 48, currentValue: 18, index: 3, returns: 66",
    "accumulator: 66, currentValue: 19, index: 4, returns: 85",
    6,
    [
      "exuberant",
      "destruction",
      "present"
    ],
    [
      2,
      3,
      5,
      7,
      11,
      13
    ],
    [
      "Filtered Array\n",
      [
        {
          "id": 15
        },
        {
          "id": -1
        },
        {
          "id": 3
        },
        {
          "id": 12.2
        }
      ]
    ],
    [
      "Number of Invalid Entries =",
      5
    ],
    true,
    false,
    false,
    false,
    true,
    true,
    true,
    false,
    true,
    [
      0,
      1,
      2,
      3,
      4
    ],
    [
      0,
      1,
      2,
      [
        3,
        [
          4,
          5
        ]
      ]
    ],
    [
      0,
      1,
      2,
      3,
      [
        4,
        5
      ]
    ],
    [
      0,
      1,
      2,
      3,
      4,
      5
    ],
    [
      1,
      2,
      4,
      5
    ],
    [
      1,
      3,
      "a",
      "c"
    ],
    [
      1,
      3,
      null,
      "a",
      [
        "d",
        null,
        "e"
      ],
      null
    ],
    [
      1,
      3,
      null,
      "a",
      "d",
      "e",
      null
    ],
    [
      1,
      2,
      2,
      1
    ],
    [
      4,
      1,
      4,
      20,
      16,
      1,
      18
    ],
    [
      "New Haven - West Haven",
      "West Haven - Stratford"
    ],
    [
      "a",
      "b",
      "c",
      "d",
      "e",
      "f"
    ],
    [
      "a",
      "b",
      "c",
      1,
      2,
      3
    ],
    [
      1,
      2,
      3,
      4,
      5,
      6,
      7,
      8,
      9
    ],
    12,
    {
      "name": "cherries",
      "quantity": 5
    },
    {
      "name": "cherries",